"*根據2024 QS世界大學排名，本校排名為219。Based on 2024 QS World University Ranking, NYCU is ranked 217th.",,,,,Last Update,2024/12/4,,,,,,,,,,,,,,,,,,,
"***系所年級/語言能力/在校成績限制依照姐妹校規定表述，但姐妹校可能隨時調整規定，請依照姐妹校官網為準。系所以主修或雙主修為準，年級以出國交換時之年級為準。All requirements are set by partner institutions; however, institutions can update their requirements from time to time. Please refer to their website for most updated information. Double major can be used to fuifill the home department requirements. The year of study requirment refers to the year of study during exchange.",,,,,,,,,,,,,,,,,,,,,,,,,
紫色字體校名者為「拓荒者計畫」學校，率取且符合本校出國交換獎學金標準之學生，可優先獲得較高額補助。Instiition names in purple are part of the Trailblazer program that students accepted and fulfilled NYCU's requirements of the outbound exchange student scholarships will be granted higher amount of scholarships.,,,,,,,,,,,,,,,,,,,,,,,,,

"國家
Country","學校
Institution","排名*
Ranking","名額**
Quota","系所年級限制***
Eligibility","語言能力限制***
Language Requirement","成績限制***
Grade Requirement","備註
Remarks",,,,,,,,,,,,,,,,,,
"Mainland China
大陸地區","Shanghai University
上海大學",489,2/sem.,"全校大學部二年級以上及研究所學生
U-wide UG Yr.2 above & PG students",,,"至少在原學校修業滿一年者
Applicants should at least complete one academic year at home university",,,,,,,,,,,,,,,,,,
,,,,,,,不接受陸籍學生 Students from Mainland China are not accepted,,,,,,,,,,,,,,,,,,
"Mainland China
大陸地區","Sichuan University
四川大學",336,5/sem.,"全校大學部二年級以上及研究所學生
U-wide UG Yr.2 above & PG students",,,"非本國籍不得申請
Non-local students cannot apply",,,,,,,,,,,,,,,,,,
"Mainland China
大陸地區","Fuzhou University
福州大學",N/A,2/sem.,"全校大學部二年級以上及研究所學生
U-wide UG Yr.2 above & PG students",,,,,,,,,,,,,,,,,,,,,
"Mainland China
大陸地區","University of Science and Technology of China
中國科學技術大學",133,5/sem.,"全校大學部二年級以上及研究所學生
U-wide UG Yr.2 above & PG students",,,"應屆畢業與陸籍學生不得申請；外籍大學部學生須會中文
Final year and Chinese students cannot apply; international UG students need to know Chinese",,,,,,,,,,,,,,,,,,
"Mainland China
大陸地區","Lanzhou University
蘭州大學",721-730,5/sem.,"全校大學部二年級以上及研究所學生
U-wide UG Yr.2 above & PG students",,,,,,,,,,,,,,,,,,,,,
"Mainland China
大陸地區","Beijing University of Posts and Telecommunications
北京郵電大學",901-950,2/sem.,"全校大學部二年級以上及研究所學生
U-wide UG Yr.2 above & PG students",,,"至少在原學校修業滿一年者
Applicants should at least complete one academic year at home university",,,,,,,,,,,,,,,,,,
"Mainland China
大陸地區","Peking University
北京大學",14,5/sem.,"全校大學部二年級以上及研究所學生
U-wide UG Yr.2 above & PG students",,,"陸籍學生不得申請
Students from China cannot apply",,,,,,,,,,,,,,,,,,
,,,1 student,"管院大學部二年級以上及研究所學生
UG Yr.2 above & PG students of the College of Management",,,"陸籍學生不得申請Students from China cannot apply
交換至光華管理學院Exchange to Guanghua Management School",,,,,,,,,,,,,,,,,,
"Mainland China
大陸地區","East China Normal University
華東師範大學",501,3/sem.,"全校大學部二年級以上及研究所學生
U-wide UG Yr.2 above & PG students",,GPA3.0/4.3,"至少在原學校修業滿一年者
Applicants should at least complete one academic year at home university",,,,,,,,,,,,,,,,,,

"Mainland China
大陸地區","Dalian University of Technology
大連理工大學",448,5/sem.,"全校大學部二年級以上及研究所學生
U-wide UG Yr.2 above & PG students",,,,,,,,,,,,,,,,,,,,,
"Mainland China
大陸地區","Central China Normal University
華中師範大學",N/A,4/sem.,"人社院大學部二年級以上及研究所學生
UG Yr. 2 above & PG students in College of Humanities & Social Sciences",,,"可交換至外國語學院、教育學院、音樂學院、新聞傳播學院
1. 可接受大陸籍學生報名交換生，但是否錄取要看當年競爭情況。2. 不太建議應屆畢業生報名交換生項目，因從經驗來看，學生選課積極性不高，沒有充分發揮資源，選派非應屆畢業學生更加有益。",,,,,,,,,,,,,,,,,,
"Mainland China
大陸地區","Xiamen University
廈門大學",362,5/sem.,"全校大學部二年級以上及研究所學生
U-wide UG Yr.2 above & PG students",,,MBA不接受交換；畢業前最後一學期不得交換；每學期2個名額可給陸籍學生交換 MBA program is restricted; Final semester students cannot apply; 2/sem. can be used by students from Mainland China,,,,,,,,,,,,,,,,,,
"Mainland China
大陸地區","Fudan University
復旦大學",39,5 sem. slots,"全校大學部二年級以上及研究所學生
U-wide UG Yr.2 above & PG students",,,"僅限本地生申請
Only local students can apply
管理學院研究所及其他專業學位不開放申請
School of Management PG program and other professional degrees do not accept application
畢業班不接受交換",,,,,,,,,,,,,,,,,,
"Mainland China
大陸地區","Shanghai Jiao tong University
上海交通大學",45,10/sem.,"全校大學部二年級以上及研究所學生
U-wide UG Yr.2 above & PG students",,GPA3.38/4.30,不接受陸籍學生 Students from Mainland China are not accepted,,,,,,,,,,,,,,,,,,

,,,2/sem.,"人社院研究所學生(限非設計領域)
Humanities & Social Science PG students",,,"赴該校媒體與設計學院交換;不接受設計領域學生
Exchange to the school of  Media & Design;
Won't accept the students from design area",,,,,,,,,,,,,,,,,,
"Mainland China
大陸地區","Huazhong University of Science and Technology
華中科技大學",300,3/sem.,"全校大學部二年級以上及研究所學生
U-wide UG Yr.2 above & PG students",,,"陸籍學生不得申請
Students from China cannot apply",,,,,,,,,,,,,,,,,,
"Mainland China
大陸地區","Nanjing University
南京大學",145,10/sem.,"全校大學部二年級以上及研究所學生
U-wide UG Yr.2 above & PG students",,,"非本國籍不得申請
Non-local students cannot apply",,,,,,,,,,,,,,,,,,
"Mainland China
大陸地區","Xi’an Jiaotong University
西安交通大學",295,10/sem.,"全校大學部二年級以上及研究所學生
U-wide UG Yr.2 above & PG students",,,"陸籍與外籍學生不得申請(港、澳籍學生可)
International & Mainland Chinese students cannot apply (HK and Macau students are OK)
春季班暫不收研究生, 學士應屆畢業生, 或是延畢生申請
For spring semester, master degree students, final-year bachelor degree students or postpone-graduate students cannot apply.",,,,,,,,,,,,,,,,,,
"Mainland China
大陸地區","Beijing Jiaotong University
北京交通大學",901-950,3/sem.,"全校大學部二年級以上及研究所學生
U-wide UG Yr.2 above & PG students",,,"非本國籍不得申請、不收學士應屆畢業生
Non-local students  and final-year bachelor degree students cannot apply",,,,,,,,,,,,,,,,,,
,,,3/sem.,"科法院研究所學生
PG students of the School of Law",,,"交換至該校法學院
Exchange to the School of Law",,,,,,,,,,,,,,,,,,
"Mainland China
大陸地區","Chang'An University
長安大學",N/A,3/sem.,"全校大學部二年級以上及研究所學生
U-wide UG Yr.2 above & PG students",,,"此為自費交換計畫，學生須自行負擔兩校學費
Fee-paying exchange program, students are required to pay tuition at both universities",,,,,,,,,,,,,,,,,,
"Mainland China
大陸地區","Tsinghua University
清華大學",20,1 student,"全校大學部二年級以上及研究所學生
U-wide UG Yr.2 above & PG students",,,"非本國籍不得申請；MBA及畢業班級不接受交換(不接受畢業前一學期)
Non-local students cannot apply; MBA program and final-year classes are restricted",,,,,,,,,,,,,,,,,,
"Mainland China
大陸地區","South China University of Technology
華南理工大學",385,5/sem.,"全校大學部二年級以上及研究所學生
U-wide UG Yr.2 above & PG students",,,,,,,,,,,,,,,,,,,,,
"Mainland China
大陸地區","China Academy of Art
中國美術學院",N/A,1/sem.,"人社院研究所二年級以上學生
PG Yr. 2 above students in College of Humanities & Social Sciences",,,"僅限研究所學生申請；台灣籍為佳，應屆畢業生可
For PG students only; prefers Taiwanese students; final year students are acceptable",,,,,,,,,,,,,,,,,,
"Mainland China
大陸地區","Tongji university
同濟大學",192,5/sem.,"全校大學部二年級以上及研究所學生 
U-wide UG Yr.2 above & PG students",,GPA3.0/4.3,"非本國籍不得申請 
Non-local students cannot apply",,,,,,,,,,,,,,,,,,
"Mainland China
大陸地區","Southeast University
東南大學",428,2/sem.,"全校大學部二年級以上及研究所學生
U-wide UG Yr.2 above & PG students",,,"非本國籍不得申請；生醫工程、醫、公衛、建築學院不接受交換
Non-local students cannot apply; Biomed Eng, Medicine, Public Health & Archi. are restricted",,,,,,,,,,,,,,,,,,
"Mainland China
大陸地區","University of Electronic Science and Technology of China
電子科技大學",451,3/sem.,"全校大學部二年級以上及研究所學生
U-wide UG Yr.2 above & PG students",,,,,,,,,,,,,,,,,,,,,
"Mainland China
大陸地區","Chongqing University
重慶大學",489,3/sem.,"全校大學部二年級以上及研究所學生
U-wide UG Yr.2 above & PG students",,,"不接受陸籍學生 Students from Mainland China are not accepted
無不及格科目 No failed subject ",,,,,,,,,,,,,,,,,,
"Mainland China
大陸地區","Nankai University
南開大學",377,2/sem.,"全校大學部二年級以上及研究所學生
U-wide UG Yr.2 above & PG students",,,,,,,,,,,,,,,,,,,,,
"Japan
日本","Waseda University
早稻田大學",181,Fall: 2 sem. slots,"全校大學部二年級以上學生
U-wide UG yr.2 above students","各program要求不同
Varies for different programs",GPA3.3/4.3,參考網頁 Link,,,,,,,,,,,,,,,,,,
,,,,,,,"若志願序包含此校，請多上傳一份文件說明欲申請此校何種計畫並檢視是否符合該計畫各項規定
Please confirm if you meet the requirements of the program of your choice, and upload a statement of which program you would like to apply for and that you fulfil all its requirements.",,,,,,,,,,,,,,,,,,
"Japan
日本","Japan Advanced Institute of Science and Technology
北陸先端科學技術大學院大學",N/A,5 students,"全校大學部三年級以上及研究所學生
U-wide UG yr.3 above & PG students",,,參考網頁 Link,,,,,,,,,,,,,,,,,,
,,,,,,,"學生以研究為主，但每學期仍需修讀2門專業課程 
Students will mainly do reseach with a professor at JAIST, but at the same time required to take at least 2 profesional courses per semester",,,,,,,,,,,,,,,,,,
"Japan
日本","Kyushu Institute of Technology
九州工業大學",1001-1200,5 students,"全校大學部二年級以上及研究所學生
U-wide UG Yr.2 above & PG students",Strongly recommended for bachelor students to have high proficiency of Japanese because there are no bachelor courses offered in English        ,,參考網頁 Link,,,,,,,,,,,,,,,,,,

"Japan
日本","University of Yamanashi
山梨大學",N/A,Fall: 4 sem. slots,"全校大學部及研究所學生
U-wide UG & PG students",,,Exchange Program Guideline,,,,,,,,,,,,,,,,,,
,,,,,,,"大部分課程為日語授課
Most courses are taught in Japanese",,,,,,,,,,,,,,,,,,
"Japan
日本","Nagoya University
名古屋大學",152,1 student,"電機院大學部及研究所學生
UG & PG students of the College of ECE",iBT 79/IELTS 6/TOEIC 780/JLPT N1,GPA3.3/4.3,參考網頁 Link,,,,,,,,,,,,,,,,,,
"Japan
日本","Gunma University
群馬大學",1001-1200,5 students,"工學院大學部以及研究所學生
UG & PG students of College of Engineering",JLPT N2,,參考網頁 Link,,,,,,,,,,,,,,,,,,
,,,,,,,"交換至交換至該校College of Science and Technology 學院，課程多為日語授課。
Exchange to College of Science and Technology with most courses taught in Janpanese",,,,,,,,,,,,,,,,,,
"Japan
日本","Institute of Science Tokyo (former Tokyo Tech)
東京科學大學 (前: 東京工業大學)",84,"Fall: 0
Spring: 4 students","全校大學部二年級以上及研究所學生
U-wide UG yr.2 above and PG students
YSEP (Research-oriented): UG yr.3 or Master or Doctoral
ACAP (Course-oriented): UG yr.2 above or Master or Doctoral","YSEP: High-level English ability is required (submission of official test scores is strongly recommended.)
ACAP: High-level English ability is required (submission of official test scores is strongly recommended.) JLPT result is required for UG yr.2 & 3 students.",,YSEP參考網頁 Link,,,,,,,,,,,,,,,,,,
,,,,,,,ACAP參考網頁 Link,,,,,,,,,,,,,,,,,,
,,,,,,,Information Sheet,,,,,,,,,,,,,,,,,,
,,,,,,,General Info. on YSEP,,,,,,,,,,,,,,,,,,
,,,,,,,General Info. on ACAP,,,,,,,,,,,,,,,,,,
,,,,,,,Comparison Table on YSEP & ACAP,,,,,,,,,,,,,,,,,,
,,,,,,,"需額外申請文件
Extra application document is required",,,,,,,,,,,,,,,,,,
"Japan
日本","Kyoto University
京都大學",50,2 students,"資訊、電機學院研究所學生
PG students of the College of CS & College of ECE","classes in Japanese:  
JLPT N1 is required 
or equivalent level of Japanese",,參考網頁 Link,,,,,,,,,,,,,,,,,,
,,,,,,,"交換至該校大學院情報學研究科
Exchange to the Graduate School of Informatics",,,,,,,,,,,,,,,,,,
"Japan
日本","Nara Institute of Science and Technology
奈良先端科學技術大學院大學",N/A,3 students,"全校研究所學生
U-wide PG students",,,參考網頁 Link,,,,,,,,,,,,,,,,,,
,,,,,,,"學生以研究為主，但每學期仍需修讀2門專業課程 
Students will mainly do reseach with a professor at NAIST, but at the same time required to take at least 2 profesional courses per semester",,,,,,,,,,,,,,,,,,
"Japan
日本","Osaka Metropolitan University
大阪公立大學",901-950,2 students,PG students of the College of Science,,,"交換至該校大理學院
Exchange to the Graduate Schoo!of Science",,,,,,,,,,,,,,,,,,
"Japan
日本","Kwansei Gakuin University (KGU)
關西學院大學",1401+,2 sem. slots,"全校大學部及研究所學生
U-wide UG & PG students","各program要求不同
Varies for different programs",,參考網頁 Link,,,,,,,,,,,,,,,,,,
,,,,,,,Fact Sheet,,,,,,,,,,,,,,,,,,
,,,,,,,Brochure,,,,,,,,,,,,,,,,,,
,,,,,,,KGU ISession Recording,,,,,,,,,,,,,,,,,,
,,,,,,,"需額外申請文件 
Extra application document is required",,,,,,,,,,,,,,,,,,
"Japan
日本","Kyushu University
九州大學",167,10 sem. slots,"全校大學部及研究所學生
U-wide UG & PG students","各program要求不同
Varies for different programs",,fact sheet,,,,,,,,,,,,,,,,,,
,,,,,,,Q-PEL_Fall 2025.pdf,,,,,,,,,,,,,,,,,,
,,,,,,,額外申請文件,,,,,,,,,,,,,,,,,,
,,,,,,,Link,,,,,,,,,,,,,,,,,,
"Japan
日本","The University of Osaka
大阪大學",86,3 students,"全校大學部及研究所學生
U-wide UG & PG students","各program要求不同
Varies for different programs",GPA3.23/4.3,(A) UOsaka_Factsheet_2025-26.pdf,,,,,,,,,,,,,,,,,,
,,,,,,,參考網頁 Link,,,,,,,,,,,,,,,,,,
,,,,,,,Brochure,,,,,,,,,,,,,,,,,,
,,,,,,,"需額外申請文件 
Extra application document is required",,,,,,,,,,,,,,,,,,
,,,5 students,"理學院學生 
Students of the College of Science","各program要求不同
Varies for different programs",GPA3.23/4.3,參考網頁 Link,,,,,,,,,,,,,,,,,,
,,,,,,,"赴該校理學院交換 
Exchange to the Graduate School of Science/School of Science",,,,,,,,,,,,,,,,,,
,,,5 students,"理學院研究所學生
PG students of the College of Science",,,"赴該校科學與工業研究中心交換
Exchange to the Institute of Scientific and Industrial Research",,,,,,,,,,,,,,,,,,
"Japan
日本","Chiba University
千葉大學",771-780,2 sem. slot,"全校大學部二年級以上及研究所學生
U-wide UG yr.2 and above & PG students","各program要求不同
Varies for different programs",,參考網頁 Link,,,,,,,,,,,,,,,,,,
,,,,,,,J-PAC Course List 2024-2025,,,,,,,,,,,,,,,,,,
,,,,,,,J-PAC (for UG students)參考網頁 Link,,,,,,,,,,,,,,,,,,
,,,,,,,"需額外申請文件
Extra application document is required",,,,,,,,,,,,,,,,,,
,,,2 student,"人社院學生-應藝所及建築所碩士班學生
Students of the College of Humanities & Social Sciences",,,Information Sheet,,,,,,,,,,,,,,,,,,
,,,,,,,"提供交換院系 
Available school for exchange: Graduate School of Engineering, Graduate School of Science & Engineering",,,,,,,,,,,,,,,,,,
,,,3 students,"理學院學生
Students of the College of Science", College of Science: JLPT N1 or N2,,College of Science: The actual acceptance of the student will be decided at the discretion of the professors after an interview with the professors of our university.,,,,,,,,,,,,,,,,,,
,,,,,,,"提供交換院系
Available school for exchange: Graduate School of Science and Engineering, Faculty of Engineering and Faculty of Science",,,,,,,,,,,,,,,,,,
"Japan
日本","Tohoku University
東北大學",107,3 students,"全校大學部及研究所學生
U-wide UG & PG students","各program要求不同
Varies for different programs",,參考網頁 Link,,,,,,,,,,,,,,,,,,
,,,,,,,"需額外申請文件 
Extra application document is required
若志願序包含此校，請多上傳一份文件說明欲申請此校何種計畫並檢視是否符合該計畫各項規定 
Please confirm if you meet the requirements of the program of your choice, and upload a statement of which program you would like to apply for and that you fulfill all its requirements.",,,,,,,,,,,,,,,,,,
"Japan
日本","University of Tsukuba
筑波大學",377,8 sem. slots,"全校大學部及研究所學生
U-wide UG & PG students",College of Japanese Language & Culture: JLPT N2,,參考網頁 Link,,,,,,,,,,,,,,,,,,
,,,,,,,Fact Sheet,,,,,,,,,,,,,,,,,,
"Japan
日本","The University of Tokyo 
東京大學",32,2 sem. slots,"全校大學部三年級以上及研究所學生
U-wide UG yr.3 and above & PG students","Type U: JLPT N1/ iBT90/IELTS6.5 
Type G: varies by each Graduate School","Type G: varies by each Graduate School
Link Brochure
PG Eligibility",參考網頁 Link,,,,,,,,,,,,,,,,,,
,,,,,,,研究生申請條件 PG Eligibility,,,,,,,,,,,,,,,,,,

,,,,,,,需額外申請文件 Extra application document is required,,,,,,,,,,,,,,,,,,
"Japan
日本","Kanazawa University
金澤大學",901-950,5 students,"全校大學部及研究所學生
U-wide UG & PG students","JLPT N2/iBT60/
IELTS5.5/TOEIC600",,參考網頁 Link,,,,,,,,,,,,,,,,,,
,,,,,,,KUEP Brochure Part 1,,,,,,,,,,,,,,,,,,
,,,,,,,KUEP Brochure Part 2,,,,,,,,,,,,,,,,,,
,,,,,,,需額外申請文件 Extra application document is required,,,,,,,,,,,,,,,,,,
"Japan
日本","Kyoto Institute of Technology
京都工藝纖維大學",1201-1400,2 sem. slots,"全校大學部以及研究所學生
U-wide UG & PG students",please see fact sheet,,參考網頁 Link,,,,,,,,,,,,,,,,,,
,,,,,,,Fact Sheet,,,,,,,,,,,,,,,,,,
"Japan
日本","Hokkaido University
北海道大學",173,5 students,"全校大學部三年級以上及研究所學生
U-wide UG Yr.3 above & PG students

HUSTEP and JLCSP: Only for Undergraduate students Yr. 3 or above
SA/SRS: Undergraduate students Yr. 2 or above and Postgraduate students (Master, PhD)
","HUSTEP: TOEFL(iBT): 79 or above, IELTS Academic: 6.5 or above

JLCSP: JLPT:N3 or above

SA/SRS: JLPT: N2 pr above (SA undergraduate students), Fluent in either Japanese or English. (SA postgraduate students and SRS)
","HUSTEP: 3.3/4.3 (GPA)

JLCSP: Applicants must possess a good academic record at university level.

SA/SRS: Applicants must possess a high academic record at university level.
",參考網頁 Link,,,,,,,,,,,,,,,,,,
,,,,,,,fact sheet,,,,,,,,,,,,,,,,,,
,,,,,,,HUSTEP 23/24 Brochure,,,,,,,,,,,,,,,,,,
,,,,,,,"1 HUSTEP 1 year: 1 or 2 students
2 HUSTEP fall sem: 1 or 2 students
3 HUSTEP spring sem: 1 or 2 students
4 JLCSP 1 year :In principal, 1student
5 JLCSP fall sem: In principal,1student
6 JLCSP spring sem: In principal,1student
7 SAS/SRS:up to 5 students",,,,,,,,,,,,,,,,,,
,,,,,,,"需額外申請文件 
Extra application document is required
若志願序包含此校，請多上傳一份文件說明欲申請此校何種計畫並檢視是否符合該計畫各項規定 
Please confirm if you meet the requirements of the program of your choice, and upload a statement of which program you would like to apply for and that you fulfill all its requirements.",,,,,,,,,,,,,,,,,,
"Japan
日本","Kindai University
近畿大學",1201-1400,4 sem. slots,"全校大學部學生
U-wide UG students",iBT61/JLPT N2,GPA2.7/4.3,參考網頁 Link,,,,,,,,,,,,,,,,,,
,,,,,,,"僅可交換一學期；未曾於日本就學者；不接受畢業前最後一學期學生交換 
only 1-sem. exchange; for students who have never studied in Japan; students in last semester before graduation not accepted",,,,,,,,,,,,,,,,,,
"Japan
日本","Saitama University
埼玉大學",1201-1400,3 sem. slots,"理學院研究所學生
PG students of the College of Science","TOEFL iBT 72; IELTS 5.5 (CEFR B2) or Equivalent
JLPT N2 or Equivalent",GPA2.58/4.3,參考網頁 Link,,,,,,,,,,,,,,,,,,
,,,,,,,Fact Sheet,,,,,,,,,,,,,,,,,,
,,,,,,,"赴該校理工研究所交換 
Exchange to the Graduate School of Science & Engineering",,,,,,,,,,,,,,,,,,
"Japan
日本","The University of Electro- Communications (UEC)
電氣通信大學",N/A,5 students,"理工領域大三以上及研究所學生
UG yr. 3 and PG students in field of Science & Engineering",iBT79/IELTS6.5,GPA3.3/4.3,參考網頁 Link,,,,,,,,,,,,,,,,,,
"Japan
日本","Nagasaki University
 長崎大學",851-900,5 students,"全校大學部二年級以上及研究所學生
U-wide UG Yr.2 above & PG students",Student Exchange Program: varies for different departments,,參考網頁 Link,,,,,,,,,,,,,,,,,,
,,,,,,,Fact Sheet,,,,,,,,,,,,,,,,,,
,,,,,JLCP: N3 or above,,"大學部多為日語授課, 有些研究生院有英語授課 The courses are taught in Japanese in most undergraduate programs; some courses are taught in English in graduate schools.
研究所學生交換無法獲得學分
PG exchange students cannot obtain credits",,,,,,,,,,,,,,,,,,
"Japan
日本"," Kumamoto University
熊本大學",951-1000,6 sem. slots,"全校大學部及研究所學生
U-wide UG & PG students",,,"Program Brochure
fact sheet",,,,,,,,,,,,,,,,,,
"Korea
韓國","Chung-Ang University
中央大學",489,2/sem.,"全校大學部及碩士班學生
U-wide UG & Master students",,,參考網頁 Link,,,,,,,,,,,,,,,,,,
,,,,,,,Fact Sheet,,,,,,,,,,,,,,,,,,
,,,2 sem. slots,"社文所、亞際學程之研究所學生
PG students of the Institute of Social Research and Culture Studies and International Center for Cultural Studies",,,參考網頁 Link,,,,,,,,,,,,,,,,,,
,,,,,,,"交換至該校社會學系
Exchange to the Department of Sociology",,,,,,,,,,,,,,,,,,
"Korea
韓國","Hanyang University
漢陽大學",162,"Seoul Campus: 2 sem. slot
(Exclude: Medicine, Nursing)","全校大學部及碩班學生
U-wide UG & Master students","IELTS5.5/iBT72/
TOEIC785/
TOPIK Level 4",GPA2.6/4.3,參考網頁 Link,,,,,,,,,,,,,,,,,,
,,,,,,,Fact Sheet,,,,,,,,,,,,,,,,,,
,,,"ERICA Campus: 2 sem. slots
(Exclude: Pharmacy, Applied Music, Dance & Performing Arts, Accounting & Tax)        ","全校大學部及碩班學生
U-wide UG & Master students","IELTS5.5/iBT72/
TOEIC785/
TOPIK Level 4",GPA2.6/4.3,課程列表 Course Catalog,,,,,,,,,,,,,,,,,,
,,,,,,,可交換院系 Available College and Dep.,,,,,,,,,,,,,,,,,,
,,,,,,,Fact Sheet,,,,,,,,,,,,,,,,,,
,,,,,,,"研究所學生僅可申請至首爾校區並修讀大學部課程
PG student can only apply to Seoul Campus and enroll in UG programs. 
Seoul campus only accepts undergraduate students for exchange program",,,,,,,,,,,,,,,,,,
"Korea
韓國","Chungnam National University
忠南國立大學",851-900,10 sem. slots,"全校大學部及研究所學生
U-wide UG & PG students",建議Recommend: TOPIK3,,參考網頁 Link,,,,,,,,,,,,,,,,,,
,,,,,,,Fact Sheet,,,,,,,,,,,,,,,,,,
"Korea
韓國","Sungkyunkwan University
成均館大學",123,4 sem. slot,"全校大學部及研究所學生
U-wide UG & PG students",Business Administration majors: iBT80/ IELTS6/ English B2/ TOPIK 3,GPA2.7/4.3,參考網頁 Link,,,,,,,,,,,,,,,,,,
,,,,,,,Fact Sheet,,,,,,,,,,,,,,,,,,
"Korea
韓國","Seoul National University
首爾國立大學",31,6 sem. slots,"全校大學部二年級以上及研究所學生
U-wide UG Yr.2 above & PG students","建議 Recommend
iBT88/IELTS6/
TOPIK5","UG: GPA2.7/4.3
PG: GPA3.3/4.3",參考網頁 Link,,,,,,,,,,,,,,,,,,
,,,,,,,FAQ,,,,,,,,,,,,,,,,,,
,,,,,,,Fact Sheet,,,,,,,,,,,,,,,,,,
"Korea
韓國","Sogang University
西江大學",576,2/sem.,"全校大學部及研究所學生
U-wide UG & PG students","建議 Recommend
English courses: iBT79/IELTS6.5
Korean courses: TOPIK Level 4",,參考網頁 Link,,,,,,,,,,,,,,,,,,
,,,,,,,Information Sheet,,,,,,,,,,,,,,,,,,
"Korea
韓國","Konkuk University
建國大學",721-730,2/sem.,"全校大學部學生
U-wide UG students",,,參考網頁 Link,,,,,,,,,,,,,,,,,,
,,,,,,,Courses Taught in English,,,,,,,,,,,,,,,,,,
,,,,,,,"以下領域較多英語授課課程
The following departments offer more English-taught courses: Business Administration, International Trade, English Language and Literature, Economics, Political Science",,,,,,,,,,,,,,,,,,
"Korea
韓國","Chonnam National University
全南國立大學",851-900,5 students,"全校大學部二年級以上及研究所學生
U-wide UG Yr.2 above & PG students",,,參考網頁 Link,,,,,,,,,,,,,,,,,,
,,,,,,,Fact Sheet,,,,,,,,,,,,,,,,,,
"Korea
韓國","Pohang University of Science and Technology
浦項工科大學",98,4 sem. slots,"理工領域大學部及研究所學生
UG & PG students in STEM (science, technology, engineering and math)",iBT79/IELTS6,GPA3.0/4.3,參考網頁 Link,,,,,,,,,,,,,,,,,,
,,,,,,,Fact Sheet,,,,,,,,,,,,,,,,,,
"Korea
韓國","Ewha Womans University
梨花女子大學",511,2 sem. slots,"全校大學部二年級以上及研究所學生
U-wide UG Yr.2 above & PG students",,GPA2.7/4.3,參考網頁 Link,,,,,,,,,,,,,,,,,,
,,,6 sem. slots,"科法所學生
Students of the School of Law",,,,,,,,,,,,,,,,,,,,,
"Korea
韓國","大邱慶北科學技術院
Daegu Gyeongbuk Institute of Science and Technology (DGIST)",326,4 sem. slots,"全校大學部二年級以上及研究所學生
U-wide UG Yr.2 above & PG students","recommand CEFR B2
(IELTS6 / iBT80)",,參考網頁 Link (need to install an exe. before viewing),,,,,,,,,,,,,,,,,,
,,,,,,,Fact Sheet,,,,,,,,,,,,,,,,,,
,,,,,,,A to A Guide,,,,,,,,,,,,,,,,,,
"Korea
韓國","Yonsei University
延世大學",56,4 sem. slots,"傳科系大學部及研究所學生
UG & PG students in Dept. of Commmunication & Technology",iBT79/IELTS6.5/TOPIK 4,GPA2.7/4.3,參考網頁 Link,,,,,,,,,,,,,,,,,,
,,,1 sem. slot,"管理院學院研究所學生
PG students fof the College of Management",,,"參考網頁 Link
Exchange to the Graduate School of Business - MBA",,,,,,,,,,,,,,,,,,
"Malaysia
馬來西亞","Universiti Kebangsaan Malaysia (UKM)
馬來西亞國立大學",138,2/sem.,"全校大學部學生
U-wide UG students",iBT79/IELTS6,GPA3.0/4.3,參考網頁 Link,,,,,,,,,,,,,,,,,,
,,,,,,,Factsheet,,,,,,,,,,,,,,,,,,
"Malaysia
馬來西亞","University of Malaya
馬來亞大學",60,1 student,"全校大學部及研究所學生
U-wide UG & PG students",Business & Econimcs / Law: iBT 80/IELTS 6/TOEIC 693,GPA3.0/4.3,參考網頁 Link,,,,,,,,,,,,,,,,,,
,,,,,,,Info Package,,,,,,,,,,,,,,,,,,
"Malaysia
馬來西亞","Universiti Teknologi Malaysia (UTM)
馬來西亞理工大學",181,6 sem. slots,"全校大學部及研究所學生
U-wide UG & PG students",,GPA3.0/4.3,參考網頁 Link,,,,,,,,,,,,,,,,,,
,,,,,,,Fact Sheet,,,,,,,,,,,,,,,,,,
"Malaysia
馬來西亞","Universiti Tunku Abdul Rahman (UTAR)
拉曼大學",801-850,6 sem. slots,"全校大學部及研究所學生
U-wide UG & PG students",,,參考網頁 Link,,,,,,,,,,,,,,,,,,
,,,,,,,Information Sheet,,,,,,,,,,,,,,,,,,
,,,,,,,Off-campus Accommodation,,,,,,,,,,,,,,,,,,
,,,,,,,poster,,,,,,,,,,,,,,,,,,
"Singapore
新加坡","Singapore University of Technology and Design (SUTD)
新加坡科技與設計大學",440,"Fall: 2/sem.
Spring: 2/sem.
Summer: 2/sem.","全校大學部及碩士班學生
U-wide UG & Master students",,,參考網頁 Link,,,,,,,,,,,,,,,,,,
,,,,,,,Inbound Exchange Guide,,,,,,,,,,,,,,,,,,
,,,,,,,須提供額外專業文件,,,,,,,,,,,,,,,,,,
,,,,,,,"碩士班學生可以申請，但碩士班課程數很少 Master students can be accepted, but the number of master subjects/courses is limited.
建築與可持續發展課程不接受交換生選修 ASD courses are currently not offered to exchange students.",,,,,,,,,,,,,,,,,,
"Singapore
新加坡","National University of Singapore
新加坡國立大學",8,6/sem.(excl. Business) ,"全校大學部二年級以上學生
U-wide UG yr.2 above students",,GPA3.0/4.0 no C,參考網頁 Link,,,,,,,,,,,,,,,,,,
,,,,,,,可修課程列表 List of Modules for UG students,,,,,,,,,,,,,,,,,,
,,,,,,,Module restrictions,,,,,,,,,,,,,,,,,,
,,,,,,,"不接受研究生交換 PG students cannot apply (科法院學生除外，但僅可修NUS大學部課程 Except for students in the School of Law, but can only take UG modules)
不得修讀商學院課程 Students cannot take Business modules",,,,,,,,,,,,,,,,,,
,,,"5/sem.
(傳科: 保障1 students)","人社院、客家院大學部及研究所學生
UG & PG students of the College of Humanities & Social Sciences and the College of Hakka Studies",Students will need to be comfortable in learning and communicating in English.,GPA3.0/4.0 no C,應屆畢業交換生可選修之課程較少，可能需要修較低階之大學部課程 Courses for final year students are less; might need to take lower level undergraduate courses. 交換至該校文學院 Exchange to the Faculty of Arts & Social Sciences. 交換生不得選修自費program中之課程: https://www.fas.nus.edu.sg/coursework/fees.html 經濟系及地理系不收研究生 The Department of Economics and the Department of Geography does not accept PG students.,,,,,,,,,,,,,,,,,,
,,,1/sem.,"科法所研究所學生
PG students of the School of Law",For law: iBT100/IELTS6.5,GPA3.0/4.0 no C,參考網頁 Link,,,,,,,,,,,,,,,,,,
,,,,,,,可修課程列表 List of Modules for UG students,,,,,,,,,,,,,,,,,,
,,,,,,,Module restrictions,,,,,,,,,,,,,,,,,,
,,,,,,,"不接受研究生交換 PG students cannot apply (科法院學生除外，但僅可修NUS大學部課程 Except for students in the School of Law, but can only take UG modules)
不得修讀商學院課程 Students cannot take Business modules",,,,,,,,,,,,,,,,,,
"Singapore
新加坡","Singapore Management University
新加坡管理大學",585,1/sem.,"科法所學生
PG students of the Institute of Technology Law",iBT93 R22 W22/IELTS7.0 R7.0 W6.5,,參考網頁 Link,,,,,,,,,,,,,,,,,,
,,,,,,,Course Catalog,,,,,,,,,,,,,,,,,,
,,,,,,,Fact Sheet,,,,,,,,,,,,,,,,,,
,,,,,,,More info,,,,,,,,,,,,,,,,,,
,,,,,,,"赴該校法學院交換
Exchange to the School of Law",,,,,,,,,,,,,,,,,,
"Singapore
新加坡","Nanyang Technological University
南洋理工大學",15,6/sem.,"全校大學部及碩士班學生
U-wide UG & Master students","iBT90/IELTS6/
GEPT-中高級
2nd stage",GPA3.0/4.3,參考網頁 Link,,,,,,,,,,,,,,,,,,


,,,3/sem.,電機院  College of ECE,,,Information Sheet,,,,,,,,,,,,,,,,,,
,,,2 sem. slots,資訊院學生交換去College of Computing & Data Science (CCDS),,,Brochure,,,,,,,,,,,,,,,,,,
"Thailand
泰國","King Mongkut's University of Technology Thonburi (KMUTT)
國王科技大學",951-1000,5 students,"生科院、理學院大學部二年級以上及研究所學生
UG yr. 2 above and PG students of the College of Biotech. & College of Science",,,參考網頁 Link,,,,,,,,,,,,,,,,,,
,,,,,,,"赴該校理學院或生物資源與科技院交換
Exchange to the Faculty of Science or the School of Bioresources and Technolog",,,,,,,,,,,,,,,,,,
"Thailand
泰國","Kasetsart University
泰國農業大學",781-790,20 sem. slots,"全校大學部及研究所學生
U-wide UG & PG students",iBT61/IELTS5.5 ,,參考網頁 Link,,,,,,,,,,,,,,,,,,
"Thailand
泰國","Chiang Mai University
清邁大學",567,10 sem. slots,"國際半導體產業學院研究所學生
PG students of the International College of Semiconductor Technology",,,交換至該校 Exchange to:Faculty of Engineering,,,,,,,,,,,,,,,,,,
"Thailand
泰國","Thammasat University
法政大學",596,5 students,"管理學院大學部及研究所學生
UG & PG students of the College of Management""",iBT79/IELTS6.5,,參考網頁 Link,,,,,,,,,,,,,,,,,,

,,,4 sem. slots,"全校大學部二年級以上學生
U-wide UG yr.2 above students",various among facuties/schools,GPA3.0/43,參考網頁 Link,,,,,,,,,,,,,,,,,,
,,,,,,,Factsheet,,,,,,,,,,,,,,,,,,
,,,,,,,"需額外申請文件
Extra application document is required",,,,,,,,,,,,,,,,,,
"Thailand
泰國","Chulalongkorn University
朱拉隆功大學",229,2/sem.,"生科院大學部三年級以上及研究所學生
UG yr. 3 above and PG students of the College of Biotech.",iBT79/IELTS6,GPA3.0/4.3,參考網頁 Link,,,,,,,,,,,,,,,,,,
,,,,,,,Program List,,,,,,,,,,,,,,,,,,
"Vietnam
越南","Ton Duc Thang University
孫德勝大學",711-720,4 sem. slots,"全校大學部及研究所學生
U-wide UG & PG students",iBT72/IELTS5.5,,參考網頁 Link,,,,,,,,,,,,,,,,,,
"Indonesia
印尼","Institut TeknoloiSepuluh Nopember (ITS)
泗水理工大學",n/a,4 sem. slots,"全校大學部及研究所學生
U-wide UG & PG students",,,,,,,,,,,,,,,,,,,,,
"Indonesia
印尼","Universitas Indonesia
印尼大學",206,4 sem. slots,"全校大學部及研究所學生
U-wide UG & PG students",iBT80/IELTS6.5,GPA3.225/4.3,"參考網頁 Link
Fact Sheet",,,,,,,,,,,,,,,,,,
"Indonesia
印尼","Institut Teknologi Bandung (ITB)
萬隆理工學院",256,4 sem. slots,"管理學院大學部及研究所學生
UG & PG students of the College of Management",,,參考網頁 Link,,,,,,,,,,,,,,,,,,
"India
印度","Indian Institute of Technology Madras (IITM)
印度理工學院 馬德拉斯分校",227,5 students  ,"全校大學部及研究所學生
U-wide UG & PG students",,,參考網頁 Link,,,,,,,,,,,,,,,,,,
,,,,,,,Fact Sheet,,,,,,,,,,,,,,,,,,
,,,,,,,Student Guide,,,,,,,,,,,,,,,,,,
"India
印度","Indian Institute of Technology Bombay(IITB)
印度理工學院 孟買分校",118,4 students,"全校大學部及研究所學生
U-wide UG & PG students","iBT95 (writing at least 20)/
IELTS6.5 (no sub-band lower than 6)",,參考網頁 Link,,,,,,,,,,,,,,,,,,
"India
印度","Indian Institute of Technology Hyderabad (IITH)
印度理工學院海得拉巴校區",681-690,3 students,"國半院研究所學生
PG students of ICST",,,參考網頁 Link,,,,,,,,,,,,,,,,,,
"India
印度","O.P. Jindal Global University (JGU)
金德爾全球大學",1001-1200,4 students,"科法院學生
Students of the School of Law",,,參考網頁 Link,,,,,,,,,,,,,,,,,,
"Turkey
土耳其","Bilkent Univesity
畢爾肯大學",477,8 sem. slots,"資訊學院大學部以及研究所學生
UG & PG students of College of Computer Science","iBT79/IELTS6.5/
GEPT中高級複試/
TOEIC785+SW240",,參考網頁 Link,,,,,,,,,,,,,,,,,,

,,,,,,,Factsheet,,,,,,,,,,,,,,,,,,
,,,,,,,Exchange to Faculty of Engineering with most courses taught in English; Dormitory for free,,,,,,,,,,,,,,,,,,
"Turkey
土耳其","Sabanci University
薩班哲大學",516,8 students,"全校大學部及研究所學生
U-wide UG & PG students",建議Recommend: iBT80,,參考網頁 Link,,,,,,,,,,,,,,,,,,
,,,,,,,Factsheet,,,,,,,,,,,,,,,,,,
,,,,,,,Brochure,,,,,,,,,,,,,,,,,,
,,,,,,,Course Offerings,,,,,,,,,,,,,,,,,,
"Turkey
土耳其","Koç University
柯克大學",401,6 sem. slots,"全校大學部及碩士班學生
U-wide UG & Master students",iBT80/IELTS6.5,"UG: GPA2.2/4.0
PG: GPA2.5/4.0",參考網頁 Link,,,,,,,,,,,,,,,,,,
,,,,,,,Fact Sheet,,,,,,,,,,,,,,,,,,
,,,,,,,Some Law School courses are in Turkish (such as Turkish Constitutional Law),,,,,,,,,,,,,,,,,,
"Hong Kong
香港","Hong Kong Baptist University
香港浸會大學",252,2/sem.,"全校大學部二年級以上學生
U-wide UG yr.2 above students",iBT79/IELTS6,GPA2.7/4.3,參考網頁 Link,,,,,,,,,,,,,,,,,,
,,,,,,,Fact Sheet,,,,,,,,,,,,,,,,,,
,,,,,,,Leaflet,,,,,,,,,,,,,,,,,,
,,,,,,,"研究生不得申請；畢業前最後一學期不可交換
PG students cannot apply; cannot exchange in last sem. of UG",,,,,,,,,,,,,,,,,,
"Hong Kong
香港","City University of Hong Kong
香港城市大學",62,3 sem. slots,"全校大學部二年級以上學生
U-wide UG yr.2 above students",iBT79/IELTS6.5/學測英文15級分,,參考網頁 Link,,,,,,,,,,,,,,,,,,
,,,,,,,課程列表 Course List,,,,,,,,,,,,,,,,,,
,,,,,,,Fact Sheet,,,,,,,,,,,,,,,,,,
,,,,,,,Pamphlet,,,,,,,,,,,,,,,,,,
,,,,,,,Video,,,,,,,,,,,,,,,,,,
,,,,,,,"研究生不得申請 PG students cannot apply
不保證校內宿舍 On-campus housing is not guaranteed",,,,,,,,,,,,,,,,,,
,,,2 sem. slots,"傳科系大學部學生
UG students of the Department of Communication & Technology",,,"交換至該校傳播系
Exchange to the Department of Media & Communications",,,,,,,,,,,,,,,,,,
"Hong Kong
香港","The University of Hong Kong
香港大學",17,4 sem. slots,"人社、客家院學生
Students of the College of Humanities & Social Sciences and College of Hakka Studies",iBT93/IELTS6.5,GPA3.0/4.3,參考網頁 Link,,,,,,,,,,,,,,,,,,
,,,,,,,Fact Sheet,,,,,,,,,,,,,,,,,,
,,,,,,,"研究生可申請，但僅可修讀該校大學部課程；交換至該校文學院
PG students can apply, but can only take UG-level courses; Exchange to the Faculty of Arts",,,,,,,,,,,,,,,,,,
,,,6 sem. slots,"全校大學部及研究所學生
U-wide UG & PG students",,,,,,,,,,,,,,,,,,,,,
"Hong Kong
香港","The Hong Kong Polytechnic University
香港理工大學",57,"Fall: 2 students
Spring: 3 students","管院大學部學生
UG students of the College of Management",iBT80/IELTS6,,參考網頁 Link,,,,,,,,,,,,,,,,,,
,,,,,,,Information Sheet,,,,,,,,,,,,,,,,,,
,,,,,,,"研究生不得申請 PG students cannot apply
交換至該校商學院 Exchange to Faculty of Business",,,,,,,,,,,,,,,,,,
"Hong Kong
香港","The Hong Kong University of Science and Technology
香港科技大學",47,6 sem. slots,"理學院及生科院大學部學生
UG students of the College of Science and College of Biological Science and Technology",,,參考網頁 Link,,,,,,,,,,,,,,,,,,
,,,,,,,Academic Calendar,,,,,,,,,,,,,,,,,,
,,,,,,,Info Sheet,,,,,,,,,,,,,,,,,,
,,,,,,,"研究生不得申請
PG students cannot apply
交換至該校 School of Science 系所
Exchange to School of Science",,,,,,,,,,,,,,,,,,
"Hong Kong
香港","The Chinese University of Hong Kong
香港中文大學",36,2 sem. slots,"社文所及亞際學程學生
Students of the Graduate Institute for Social Research and Cultural Studies and Inter-Asia Cultural Studies",iBT80/IELTS6,GPA3.23/4.30,參考網頁 Link,,,,,,,,,,,,,,,,,,
,,,,,,,Fact Sheet,,,,,,,,,,,,,,,,,,
,,,,,,,"交換至該校 Exchange to the Department of Cultural and Religious Studies, Faculty of Arts
大學部學生欲申請赴此校交換者，請參考台聯大交換計畫 UG students interested in going to CUHK, please see UST exchange program",,,,,,,,,,,,,,,,,,
"Brunei
汶萊","Universiti Brunei Darussalam (UBD)
汶萊大學",385,4 sem. slots,"全校大學部二年級以上及研究所學生
U-wide UG yr.2 above & PG students",iBT79/IELTS6,GPA2.5/4.3,參考網頁 Link,,,,,,,,,,,,,,,,,,
"Austria
奧地利","University of Vienna
維也納大學",137,2 sem. slots,"U-wide UG & PG students
全校大學部及研究所學生",iBT80/IELTS6/German B2,,參考網頁 Link,,,,,,,,,,,,,,,,,,
,,,,,,,Fact Sheet,,,,,,,,,,,,,,,,,,
"Austria
奧地利","Graz University of Technology
格拉茨科技大學",413,6 sem. slots      ,"U-wide UG & PG students
全校大學部及研究所學生","iBT75/IELTS6/
TOEIC785+SW310/
German B2",,參考網頁 Link,,,,,,,,,,,,,,,,,,
,,,,,,,Fact Sheet,,,,,,,,,,,,,,,,,,
"Belgium
比利時","Universite libre de Bruxelles (ULB)
布魯塞爾自由大學",230,5 students,"U-wide UG & PG students
全校大學部及研究所學生",建議法語B1以上Recommend French: B1,,參考網頁 Link,,,,,,,,,,,,,,,,,,
,,,,,,,Fact Sheet,,,,,,,,,,,,,,,,,,
,,,,,,,"UG: 法語授課taught in French
PG: 部份英語授課partially taught in English",,,,,,,,,,,,,,,,,,
,,,4 sem. slots,"UG yr.3 above & Master students of the College of Economics and Management
管院大學部三年級以上及碩士班學生","建議英文B2以上
Recommend English: B2",,參考網頁 Link,,,,,,,,,,,,,,,,,,
,,,,,,,"大學部大部分為法文授課，研究所90%為英文授課
Most UG courses are taught in French; 90% of PG courses are taught in English.",,,,,,,,,,,,,,,,,,
"Belgium
比利時","KU Leuven
魯汶大學",63,6 sem. slots,"UG yr.2 above & PG students in College of Management
管院大二以上及研究所學生","UG: iBT72/IELTS5.5
PG: iBT95/IELTS7",,參考網頁 Link,,,,,,,,,,,,,,,,,,
,,,,,,,Fact Sheet,,,,,,,,,,,,,,,,,,
,,,,,,,Exchange to Faculty of Economics and Business,,,,,,,,,,,,,,,,,,
,,,5 students,"UG yr. 4 and PG students of the College of ECE, College of CS, College of Engineering, ICST and IAIS
電機、資訊、工、國半及產創院大四與研究所學生",iBT94 (with no subscore under 22)/ IELTS7 (with no subscore under 6.5),,參考網頁 Link,,,,,,,,,,,,,,,,,,
,,,,,,,Fact Sheet,,,,,,,,,,,,,,,,,,
,,,,,,,"English-taught courses are only offered in PG level. Students are required to take a min. of 24 ECTS/semester
Exchange to the Faculty of Engineering Science",,,,,,,,,,,,,,,,,,
,,,"8 sem. slots
(UG: 4 / PG: 4)","UG yr.4 above & Master students in College of Science
理學院大四以上及碩士班學生",Recommend iBT79/IELTS6.5,,參考網頁 Link,,,,,,,,,,,,,,,,,,
,,,,,,,英語授課課程列表 Course List,,,,,,,,,,,,,,,,,,
,,,,,,,"Only master programmes are offered in English, UG programmes are offered in Dutch",,,,,,,,,,,,,,,,,,
"Belgium
比利時","University of Antwerp
安特衛普大學",267,2 sem. slots,"UG yr.3, 4 and Master students of the College of Management
管理學院大學部三年級以上及碩士班學生",iBT79/IELTS6.5,,參考網頁 Link,,,,,,,,,,,,,,,,,,
,,,,,,,Fact Sheet,,,,,,,,,,,,,,,,,,
,,,,,,,Exchange to the Faculty of Business and Economics,,,,,,,,,,,,,,,,,,
"Czech Republic
捷克","Brno University of Technology
布爾諾科技大學",611-620,10 students,"全校大學部二年級以上及研究所學生
U-wide UG yr.2 above & PG students",,,參考網頁 Link,,,,,,,,,,,,,,,,,,
,,,,,,,Fact Sheet,,,,,,,,,,,,,,,,,,
,,,,,,,英語授課列表 English-taught Courses,,,,,,,,,,,,,,,,,,
"Czech Republic
捷克","Masaryk University
馬薩里克大學",408,3/semester,"全校大學部及研究所學生
U-wide UG & PG students","iBT72/IELTS5.5/
TOEIC785",GPA2.7/4.3,參考網頁 Link,,,,,,,,,,,,,,,,,,
,,,,,,,Basic Info.,,,,,,,,,,,,,,,,,,
,,,,,,,Info. Sheet,,,,,,,,,,,,,,,,,,
,,,,,,,Course Catalog,,,,,,,,,,,,,,,,,,
"Czech Republic
捷克","University of Ostrava
俄斯特拉發大學",1001-1200,2 sem. slots,"全校大學部二年級以上及碩班學生
U-wide UG yr.2 above & Master students","iBT65/IELTS5.5/
TOEIC605",GPA2.2/4.3,參考網頁 Link,,,,,,,,,,,,,,,,,,
,,,,,,,Fact Sheet,,,,,,,,,,,,,,,,,,
"Czech Republic
捷克","Czech Technical University in Prague (CTU)
布拉格捷克理工大學",420,6 sem. slots,"全校大學部及研究所學生
U-wide UG & PG students","iBT72/IELTS5.5
TOEIC Reading 385 Listening 400",,參考網頁 Link,,,,,,,,,,,,,,,,,,
,,,,,,,Fact Sheet,,,,,,,,,,,,,,,,,,
"Czech Republic
捷克","Palacký University Olomouc
帕拉茨基大學",651-660,4 sem. slots,"全校大學部及研究所學生
U-wide UG & PG students",iBT70/IELTS5.5,,參考網頁 Link,,,,,,,,,,,,,,,,,,
,,,,,,,Factsheet,,,,,,,,,,,,,,,,,,
,,,,,,,Courses for Exchange Students,,,,,,,,,,,,,,,,,,
"Czech Republic
捷克","Charles University
布拉格查理大學",246,4 sem. slots,"全校大學部及研究所學生
U-wide UG & PG students",IELTS 5.5/ iBT 72,,參考網頁 Link,,,,,,,,,,,,,,,,,,
"Denmark
丹麥","Technical University of Denmark
丹麥科技大學",109,10 sem. slots,"全校大學部三年級以上及碩班學生
U-wide UG yr.3 above & Master students",iBT72/IELTS5.5,,參考網頁 Link,,,,,,,,,,,,,,,,,,
"Denmark
丹麥","University of Southern Denmark
南丹麥大學",324,5 students,"全校大學部及研究所學生 
U-wide UG & PG students","TOEFL88 / IELTS6.5/
a signed Language Requirement Form from the student’s home university",,fact sheet,,,,,,,,,,,,,,,,,,
,,,,,,,Language requirement form,,,,,,,,,,,,,,,,,,
,,,,,,,參考網頁Link,,,,,,,,,,,,,,,,,,
"United Kingdom
英國","University of Southampton
南安普敦大學",80,2 sem. slots,"電機、光電、資訊學院大學部及碩士班學生
UG & Master students of the College of ECE, CS, and Photonics  ",iBT 92/IELTS6.5,GPA3.3/4.3,參考網頁 Link,,,,,,,,,,,,,,,,,,
,,,,,,,Exchange to School of Electronics and Computer Science (MEng Electronic Engineering),,,,,,,,,,,,,,,,,,
,,,,,,,Fact Sheet,,,,,,,,,,,,,,,,,,
"Finland
芬蘭","Hanken School of Economics
漢肯經濟學院",N/A,1/sem.,"管院大學部三年級以上及研究所學生
UG yr.3 above & PG students of the College of Management",iBT87/IELTS6.5,,參考網頁 Link,,,,,,,,,,,,,,,,,,
,,,,,,,Fact Sheet,,,,,,,,,,,,,,,,,,
,,,,,,,交換前須至少修讀一年經濟學課程 At least an year of Economics related courses is required prior to exchange,,,,,,,,,,,,,,,,,,
"Finland
芬蘭","University of Jyväskylä
于韋斯屈萊大學",489,4/sem.,"全校大學部二年級以上及碩士班學生
U-wide UG yr.2 above & Master students","建議至少B1，最好B2
Recommend: at least B1, preferably B2",,參考網頁 Link,,,,,,,,,,,,,,,,,,
,,,,,,,英語授課課程列表 List of English-taught courses,,,,,,,,,,,,,,,,,,
,,,,,,,"該校較少工程領域課程
Limited number in engineering courses",,,,,,,,,,,,,,,,,,
"Finland
芬蘭","JAMK University of Applied Sciences
于韋斯屈萊應用科學大學",N/A,4 sem. slots,"護理學院大學部學生
UG students of the College of Nursing",English B1,,"參考網頁 Link
交換至該校健康與社會研究學院
Exchange to the School of Health and Social Studies",,,,,,,,,,,,,,,,,,
"France
法國","Y Schools
Y Schools精英高等院校聯盟",N/A,5 sem. slots,"管院大學部及碩士班學生
UG & Master students of the College of Management","iBT80/IELTS6.5
",,Fact Sheet,,,,,,,,,,,,,,,,,,
"France
法國","IMT Mines Albi-Carmaux
阿爾比-加莫國立高等礦業學校",N/A,6 sem. slots,"全校大學部二年級以上及研究所學生
U-wide UG yr.2 above & PG students","iBT80/IELTS6/
TOEIC750/
French B2",,參考網頁 Link,,,,,,,,,,,,,,,,,,
,,,,,,,碩士課程 Master Programs,,,,,,,,,,,,,,,,,,
,,,,,,,Fact Sheet,,,,,,,,,,,,,,,,,,
,,,,,,,2025 English tracks for graduate students,,,,,,,,,,,,,,,,,,

"France
法國","University of Rennes 1
雷恩第一大學",721-730,5/sem.,"電機、資訊院大學部四年級及碩士班學生
UG yr.4 & Master students of the College of Electrical & Computer Engineering and the College of Computer Science",iBT72/IELTS5.5,,參考網頁 Link,,,,,,,,,,,,,,,,,,
,,,,,,,交換至該校ENSSAT學院,,,,,,,,,,,,,,,,,,
,,,,,,,Intro,,,,,,,,,,,,,,,,,,
"France
法國","EM Normandie
諾曼第管理學院",N/A,10 sem. slots,"管院大學部三年級以上學生
UG yr.3 above students of the College of Management","UG: TOEIC750
IELTS5/iBT72",,參考網頁 Link,,,,,,,,,,,,,,,,,,
,,,,,,,Brochcure,,,,,,,,,,,,,,,,,,
,,,,"管院碩士班學生
Master students of the College of Management","PG: TOEIC790
IELTS5.5/iBT83",,Information Sheet,,,,,,,,,,,,,,,,,,
"France
法國","IPAG Business School
IPAG高等商學院",N/A,4 students,"管院大學部學生
UG students of the College of Management",建議CEFR英文B2以上,,參考網頁 Link,,,,,,,,,,,,,,,,,,
,,,,,,,僅限大學部學生申請 UG students only,,,,,,,,,,,,,,,,,,
,,,,,,,Key Data Sheet,,,,,,,,,,,,,,,,,,
"France
法國","SKEMA Business School
SKEMA商學院",N/A,8 sem. slots,"管院大學部及碩班學生
UG & Master students of the College of Management","iBT79/IELTS6.5/
TOEIC830",,參考網頁 link,,,,,,,,,,,,,,,,,,

"France
法國","CY Cergy Paris University-CY Tech
(原EISTI)
CY塞爾吉-巴黎大學",851-900,6 students,"管理、理、資訊院大學部四年級以上及研究所學生
UG yr.4 above and PG students of the College of Management, Science & Computer Science",iBT80/IELTS6.5,,參考網頁 Link,,,,,,,,,,,,,,,,,,
,,,,,,,Fact Sheet,,,,,,,,,,,,,,,,,,
"France
法國","Institut Mines-Télécom Business School (IMT-BS)
礦業學院-電信商學院",N/A,6 sem. slots,"管院大學部四年級及碩士班學生
UG yr.4 & Master students of the College of Management",iBT79/IELTS6.5,,參考網頁 Link,,,,,,,,,,,,,,,,,,
,,,,,,,Courses in English,,,,,,,,,,,,,,,,,,
,,,,,,,"大學部學生僅可申請秋季班
UG students can only apply for fall semester",,,,,,,,,,,,,,,,,,
"France
法國","ECAM LaSalle
工程師學校",N/A,4 sem. slots,"電機、工學院大學部及碩士班學生
UG and Master students of the College of ECE & Engineering","Recommend 
French course: French B1
English course: IELTS5.5/iBT72/TOEIC750",,"參考網頁 Link
Factsheet",,,,,,,,,,,,,,,,,,
"France
法國","Université Jean Moulin Lyon 3
里昂第三大學",1201-1400,10 sem. slots,"全校大學部三年級以上及研究所學生
U-wide UG yr.3 above & PG students",iBT80 (no section below 20)/IELTS6.5 (no sub-band below 6)/DELF B1/ TOEIC(L/S/R/W)1020,,參考網頁 Link,,,,,,,,,,,,,,,,,,
,,,,,,,"無理工領域之英語授課課程
No science & engineering related courses",,,,,,,,,,,,,,,,,,
"France
法國","Université Paris-Saclay
巴黎-薩克雷大學",73,10 sem. slots,"全校大學以上及碩士學生
U-wide UG & Master students","建議 recommend 
English/French: B2 (depending on the study language)
Economics and Law: French B2 mandatory",,參考網頁 Link,,,,,,,,,,,,,,,,,,
,,,,,,,"Students can exchange to the following faculty
Faculty of Science: Chemistry, Computer Science, Mathematics, Physics 
Jean Monnet Faculty: Law, Economics & Management
Polytech Paris-Saclay: Engineering and Technology, Physics",,,,,,,,,,,,,,,,,,
"France
法國","Telecom Paris
巴黎高等電信學校",49,4 sem. slots,"電機、資訊學院大三以上及研究所學生
UG Yr.3 above & PG students of the College of ECE and CS","English course: iBT71/TOEIC795/IELTS5.5
French course: French B2 (strongly advised)",,參考網頁 Link,,,,,,,,,,,,,,,,,,
,,,,,,,Information sheet,,,,,,,,,,,,,,,,,,
,,,,,,,Courses,,,,,,,,,,,,,,,,,,
"France
法國","École des mines de Saint-Étienne (EMSE)
聖艾蒂安礦業學院",N/A,4/sem.,"全校研究所學生
U-wide PG students","iBT72/IELTS5.5/
French B1",,參考網頁 Link,,,,,,,,,,,,,,,,,,
,,,,,,,Fact Sheet,,,,,,,,,,,,,,,,,,
,,,,,,,"具備法文能力者可選擇With French proficiency, students can choose either ICM or ISMIN
僅有英文能力者可選擇With English proficiency only, students can take one of the 8 English-taught MSc programs",,,,,,,,,,,,,,,,,,
"France
法國","IMT Atlantique
南特國立高等礦業學校",N/A,4 sem. slots,"全校大學部及研究所學生
U-wide UG & PG students",French B2 or iBT72/IELTS5.5	,,參考網頁 Link,,,,,,,,,,,,,,,,,,
"France
法國","Institut Polytechnique de Paris
(École Polytechnique)
巴黎綜合理工學院",46,4 students,"數學、資訊、經濟以及物理領域之大學部以及研究所學生
UG & PG students in the fields of Mathematics, Computer Science, Economics and Physics",iBT94/IELTS5.5/French B2,GPA3.3/4.3,參考網頁 Link,,,,,,,,,,,,,,,,,,
,,,,,,,"秋季入學開放給學士跟碩士 Open to applications for the Undergraduate level – Bachelor program and Graduate level
春季入學只開放學士Open to applications for the Undergraduate level – Bachelor program only.",,,,,,,,,,,,,,,,,,
"France
法國","Jean Monnet University, Saint Etienne
聖太田大學",N/A,4 sem. slots,"電機、資訊學院大學部及碩士班學生
UG & Master students of the College of ECE & CS",French or English B2,,參考網頁 Link,,,,,,,,,,,,,,,,,,
,,,,,,,Fact Sheet,,,,,,,,,,,,,,,,,,
,,,,,,,Exchange to Telecom Saint-Etienne,,,,,,,,,,,,,,,,,,
"France
法國","University of Bordeaux
波爾多大學",535,4 sem. slots,"全校大學部二年級以上及研究所學生
U-wide UG yr.2 above & PG students",法文B1 or iBT72/IELTS5.5,,參考網頁 Link,,,,,,,,,,,,,,,,,,
,,,,,,,Fact Sheet,,,,,,,,,,,,,,,,,,
,,,,,,,"分為三個校區 There are three campuses:
-Carreire: Health, Human Sciences
-Pessac: Law, Political Sciences, Economics, Management
-Talence: Science and Technology",,,,,,,,,,,,,,,,,,
"France
法國","INSA Strasbourg
國立史特拉斯堡應用科學學院",N/A,4 sem. slots,"工學院大學部三年級以上及碩班學生
UG yr.3 above & Master students of the College of Engineering",法文French B1+30hr密集法文課Intensive French Course or 法文French B2        ,,參考網頁 Link,,,,,,,,,,,,,,,,,,
,,,,,,,Courses taught in English,,,,,,,,,,,,,,,,,,
,,,,,,,"大部份課程為法語授課 Most courses are taught in French
每個領域至多2人 Up to 2 students in each specialty",,,,,,,,,,,,,,,,,,
"France
法國","Rennes School of Business
雷恩商學院",N/A,5 sem. slots,"管院大學部三年級以上及碩班學生
UG yr.3 above & Master students of the College of Management","iBT72/IELTS5.5
/TOEIC750",,參考網頁 Link,,,,,,,,,,,,,,,,,,
,,,,,,,Fact Sheet,,,,,,,,,,,,,,,,,,
,,,,,,,Brochure,,,,,,,,,,,,,,,,,,
,,,,,,,Level 2 Courses,,,,,,,,,,,,,,,,,,
,,,,,,,Level 3 Courses,,,,,,,,,,,,,,,,,,
,,,,,,,Level 4 Courses,,,,,,,,,,,,,,,,,,
,,,,,,,Level 5 Courses,,,,,,,,,,,,,,,,,,
"France
法國","Université Toulouse III – Paul Sabatier (UPS)
圖盧茲第三大學",580,5 students,"全校大學部學生
U-wide UG students",,,參考網頁 Link,,,,,,,,,,,,,,,,,,
,,,,,,,"英語授課課程多為商管課程
Most English-taught courses are Business & Management related",,,,,,,,,,,,,,,,,,
"France
法國","KEDGE Business School
KEDGE高等商業學院",N/A,8 sem. slots,"管院、應藝所大學部及碩班 非博士班學生
Students of the College of Management and Institute of Applied Arts (PhD students not applicable)","iBT79/IELTS6/
TOEIC785",,參考網頁 Link,,,,,,,,,,,,,,,,,,
,,,,,,,Fact Sheet,,,,,,,,,,,,,,,,,,
,,,,,,,分為兩個校區，商管課程兩個校區都有，Business management programs are available in 2 campuses (Bordeaux and Marseille),,,,,,,,,,,,,,,,,,
"France
法國","Université Paris-Saclay
(CentraleSupélec)
中央理工-高等電力學院",73,5 sem. slots (2 of them for students of the College of EE),"全校理工領域大學部及研究所學生
UG & PG students in the field of science & technology","Courses taught in French: French B1
Courses taught in English: iBT72/IELTS5.5/TOEIC750",,參考網頁 Link,,,,,,,,,,,,,,,,,,
,,,,,,,Fact Sheet,,,,,,,,,,,,,,,,,,
,,,,,,,Course Catalog,,,,,,,,,,,,,,,,,,
"France
法國","Burgundy School of Business
勃根地商學院",N/A,6 sem. slots,"管院學生
Students of the College of Management","IELTS6/TOEIC750
iBT80/CEFR B1 or
TCF 4/French B2",,參考網頁 Link,,,,,,,,,,,,,,,,,,
,,,,,,,Video,,,,,,,,,,,,,,,,,,
,,,,,,,Fact Sheet,,,,,,,,,,,,,,,,,,
"France
法國","University Paris-Est Créteil (UPEC)
巴黎第十二大學",N/A,4 sem. slots,"管院大學部三年級以上及研究所學生
UG yr.3 above & PG students of the College of Management",法檢 French B2/ iBT87/IELTS6/English B1,,管院參考網頁 Link,,,,,,,,,,,,,,,,,,
,,,,,,,Courses in English,,,,,,,,,,,,,,,,,,
,,,4 sem. slots,"理工領域大二以上及研究所學生
UG yr. 2 and PG students in field of Science & Engineering",,,"限生科、資訊、生醫、應化、環工領域同學申請 Restricted to stduents in Biological Sci., CS, Biomedical Sci., Applied Chemistry and Environment Engineering",,,,,,,,,,,,,,,,,,
,,,,,,,參考網頁 Link,,,,,,,,,,,,,,,,,,
,,,,,,,Courses in English,,,,,,,,,,,,,,,,,,
"France
法國","Institut Polytechnique de Paris
(Telecome SudParis) (TSP)
南巴黎電信學校",46,2 students,"相關領域大四下或研究所學生
UG last semester & PG students in relevant field of study",English (min. B2 CEFR level) or/and French (min. B2 CEFR level) ,,參考網頁 Link,,,,,,,,,,,,,,,,,,
"France
法國","University of Technology of
Compiégne (UTC)
貢比涅技術大學",N/A,6 sem. slots,"全校大學部三年級以上及碩士班學生
U-wide UG yr.3 above & Master students","English A2
(iBT31/ IELTS4)",,參考網頁 Link,,,,,,,,,,,,,,,,,,
,,,,,,,Courses in English,,,,,,,,,,,,,,,,,,
,,,,,,,"大部分課程為法語授課，機械、資工及生醫領域有大學部英語授課課程；少數研究所課程在秋季班有英語授課 Most courses are taught in French; however, there are English-taught courses in Mechanical Engineering, Informatics Engineering and Biological Engineering. Some English-taught courses at PG level are offered in Fall semester.",,,,,,,,,,,,,,,,,,
"France
法國","Institut Supérieur d’Electronique de Paris (ISEP)
巴黎高等電子學院",N/A,4 students,"全校大學部三年級以上及碩士班學生
U-wide UG yr.3 above & Master students",iBT79/IELTS6.5,,課程列表 Course Catalog,,,,,,,,,,,,,,,,,,
,,,,,,,Fact Sheet,,,,,,,,,,,,,,,,,,
,,,,,,,"僅可申請該校之理工相關課程
Can only apply for Science & Engineering related courses",,,,,,,,,,,,,,,,,,
"France
法國","Sup'Biotech Paris
生物技術高等學院",N/A,10 sem. slots,"理學院及生科院大學部三年級以上及碩班學生
UG yr.3 above & Master students of the College of Science and College of Biological Science and Technology","UG: iBT70/IELTS6
PG: iBT80/IELTS6.5",,參考網頁 Link,,,,,,,,,,,,,,,,,,
,,,,,,,Brochure,,,,,,,,,,,,,,,,,,
,,,,,,,大學部課程 UG Courses,,,,,,,,,,,,,,,,,,
,,,,,,,研究所課程 PG Courses,,,,,,,,,,,,,,,,,,
"France
法國","INSA Toulouse
國立圖盧茲應用科學學院",N/A,8 sem. slots,"資訊院大學部及碩士班學生
UG & Master students of the College of Computer Science","建議英文B2 或法文B1以上
Recommended English B2 or French B1",,Fact Sheet,,,,,,,,,,,,,,,,,,
,,,,,,,英語課程 English-taught programs,,,,,,,,,,,,,,,,,,
,,,,,,,"大部分課程為法文授課，有些碩士program及大學部春季班課程為100%英語授課
Most courses are taught in French, but some master programs and bachelor-level spring semesters are 100% English.
每個領域至多2人 Up to 2 students in each specialty",,,,,,,,,,,,,,,,,,
"France
法國","JUNIA        
朱尼亞工程研究院",N/A,4 sem. slots,"資訊院及工學院研究所學生
PG students of the College of Computer Science and College of Engineering",French or English B1,,"參考網頁 Link
Fact Sheet",,,,,,,,,,,,,,,,,,
"France
法國","        University of Technology of Troyes
特魯瓦科技大學",N/A,4 sem. slots,"全校大學部及研究所學生
U-wide UG & PG students",,,"參考網頁 Link
Courses in English",,,,,,,,,,,,,,,,,,
"France
法國","ESME School of Engineering
機電特殊大學",N/A,6 sem. slots,"資訊學院大學部及研究所學生
UG & PG students of the College of Computer Science",,,"參考網頁 Link
Undergraduate Program: 1 program 100% taught in English in Paris, Lyon and Lille campuses
Graduate Program: 3 programs 100% taught in English in South Paris campus",,,,,,,,,,,,,,,,,,
"Germany
德國","Friedrich-Alexander-Universität Erlangen-Nürnberg
(FAU) 
愛爾朗根-紐倫堡大學",340,4 students,"工學院大學部四年級及研究所學生
UG yr.4 & PG students of the College of Engineering",English B2,,參考網頁 Link,,,,,,,,,,,,,,,,,,
,,,,,,,"赴該校機械系交換，英文授課課程主要為機械工程及國際生產工程與管理相關
Exchange to FAU’s Department of Mechanical Engineering; English-taught courses are mostly about Mechanical Engineering & International Production Engineering & Management",,,,,,,,,,,,,,,,,,
"Germany
德國","Reutlingen University
羅特林根大學",N/A,24 sem. slots,"全校大學部及研究所學生
U-wide UG & PG students",iBT72/IELTS5.5,,fact sheet,,,,,,,,,,,,,,,,,,
,,,,,,,參考網頁 Link,,,,,,,,,,,,,,,,,,
"Germany
德國","Saarland University
沙爾大學",601-610,2 students,"資訊院學生
Students of the College of Computer Science",German B1,,參考網頁 Link,,,,,,,,,,,,,,,,,,
,,,,,,,Fact Sheet,,,,,,,,,,,,,,,,,,
"Germany
德國","University of Stuttgart
斯圖加特大學",314,6 sem. slots,"全校大學部及研究所學生
U-wide UG & PG students","Take courses in German: 德檢C1 or 德檢A2+赴該校上密集德文課程 German C1 or German A2 + intensive German course
Take courses in English: iBT72/IELTS5.5+ intensive German course",GPA2.0/4.3,參考網頁 Link,,,,,,,,,,,,,,,,,,
,,,,,,,Fact Sheet,,,,,,,,,,,,,,,,,,
,,,,,,,Course Info.,,,,,,,,,,,,,,,,,,
,,,,,,,申請此校請上傳符合語言能力之說明 Please upload a document to explain how you fulfill the language requirements.,,,,,,,,,,,,,,,,,,
"Germany
德國","University of Augsburg
奧格斯堡大學",N/A,10 sem. slots,"全校大學部及碩班學生
U-wide UG & Master students",德檢German B2/iBT72/IELTS5.5/TOEIC Listening400+Reading 385,,參考網頁 Link,,,,,,,,,,,,,,,,,,
,,,,,,,Fact Sheet,,,,,,,,,,,,,,,,,,
,,,,,,,Courses for Exchange Students,,,,,,,,,,,,,,,,,,
"Germany
德國","RWTH Aachen University
阿亨工業大學",99,5 students,"全校大學部三年級以上及研究所學生
U-wide UG yr.3 above & PG students","TestDaF 4/iBT72/
IELTS5.5",,參考網頁 Link,,,,,,,,,,,,,,,,,,
,,,5 students,電機院、資訊院大學部三年級以上及研究所學生 UG yr. 3 above & PG students of the College of ECE and CS,,,參考網頁 Link,,,,,,,,,,,,,,,,,,
,,,,,,,Exchange to the Faculty of Electrical Engineering and Information Technology,,,,,,,,,,,,,,,,,,
"Germany
德國","Darmstadt University of Applied Sciences (h_da)
達姆施塔特應用技術大學",N/A,4 sem. slots,"全校大學部及研究所學生
U-wide UG & PG students",Recommend iBT72/IELTS5.5,,參考網頁 Link,,,,,,,,,,,,,,,,,,
,,,,,,,"Students can exchange to the following faculty
Faculty of Science: Chemistry, Computer Science, Mathematics, Physics 
Jean Monnet Faculty: Law, Economics & Management
Polytech Paris-Saclay: Engineering and Technology, Physics",,,,,,,,,,,,,,,,,,
"Germany
德國","SRH University Heidelberg
海德堡應用技術大學",N/A,"Business: 2 semester slots
Engineering & Architecture: 2 semester slots","全校大學部及研究所學生
U-wide UG & PG students
(大學部學生須有商管或國際關係背景，碩士班學生須有工程/電腦/資訊或建築背景
Bachelor students with business/management/international relation background; Master students with engineering/computer science/information technology/architecture background)",德檢German B2 or iBT79/IELTS6.5,,參考網頁 Link,,,,,,,,,,,,,,,,,,
,,,,,,,"申請此校需繳交符合背景之說明文件
Students applying to this university must submit a document proving fulfillment of background requirement",,,,,,,,,,,,,,,,,,
"Germany
德國","Technical University of Munich 
慕尼黑工業大學",28,7 sem. slot,"電機、資訊學院大學部及研究所學生
UG & PG students of the College of Electrical & Computer Egineering and College of Computer Science","UG: German or English B1 (iBT42/IELTS4.5/TOEIC L275 R275 S120 W120)
PG: English B1 (iBT42/IELTS4.5/TOEIC L275 R275 S120 W120)",GPA3.0/4.3,參考網頁 Link,,,,,,,,,,,,,,,,,,
,,,,,,,Fact Sheet,,,,,,,,,,,,,,,,,,
,,,,,,,"TUM field of study: 0713 Electricity and Energy
交換至 exchange to Dept. of Electrical and Computer Engineering",,,,,,,,,,,,,,,,,,
"Germany
德國","Heidelberg University
海德堡大學",84,"3/sem.
(Molecular Biosciences: up to 1 student)","限定領域大三以上及碩士班學生
UG yr.3 above & Master students of specific fields of studies",German B2 or iBT90/IELTS6.5 for Molecular Biosciences only,GPA3.3/4.3,參考網頁 Link,,,,,,,,,,,,,,,,,,
,,,,,,,Fact Sheet,,,,,,,,,,,,,,,,,,
,,,,,,,"僅Molecular Biosciences為英語授課，其餘皆為德文授課
Specific fields of studies: Medicine, Public Health, Dentistry, Medical Biometry and Bioinformatics, Biophysics and Theoretical Physics, Biophotonics, Neuroscience, Natural Sciences",,,,,,,,,,,,,,,,,,
"Germany
德國","Universität Mannheim
曼漢姆大學",487,5 sem. slots,"管、理、資訊院大學部二年級以上及碩班學生
UG yr.2 & Master students of the College of Management, Science & Computer Science",德檢German B2 or iBT80/IETLS6.0,,參考網頁 Link,,,,,,,,,,,,,,,,,,
,,,,,,, Baden-Württemberg Scholarship Program,,,,,,,,,,,,,,,,,,
,,,,,,,"以資管所、資財系、應數系所、統計所、資工系所學生為優先，其餘學生須提出資訊或數學相關背景證明。交換至該校School of Business Informatics & Mathematics。
Mainly for students with major in info. mgt (PG), info. & finance mgt. (UG), applied math, statistics & cs; other students need to submit proof of knowledge in field of",,,,,,,,,,,,,,,,,,
"Germany
德國","Technische Universität Berlin (TU Berlin)
柏林工業大學",147,4 sem. slots,"全校大學部二年級以上及碩班學生
U-wide UG yr.2 above & Master students","德文B2/iBT87/
IELTS5/TOEIC605",,參考網頁 Link,,,,,,,,,,,,,,,,,,
"Germany
德國","Technical University of Dresden
德勒斯登工業大學",234,5 sem. slots,"全校大學部三年級以上及碩班學生(不包含醫學院)
U-wide UG yr.3 above & Master students
excluding School of Medicine",German or English B1,,Fact Sheet,,,,,,,,,,,,,,,,,,
,,,,,,,Info Sheet,,,,,,,,,,,,,,,,,,
"Hungary
匈牙利","Eötvös Loránd University (ELTE)
羅蘭大學",564,4 sem. slot,"全校大學部二年級以上及研究所學生
U-wide UG yr.2 above & PG students",建議 English B2,,參考網頁 Link,,,,,,,,,,,,,,,,,,
,,,,,,,"Fact Sheet
Course List",,,,,,,,,,,,,,,,,,
"The Netherlands
荷蘭","Radboud University
拉德堡德大學
(原奈美恩大學)",272,4 sem. slots,"管院大學部二年級以上及碩班學生
UG yr.2 above & Master students of the College of Management","UG: iBT80/IELTS6/ TOEIC670(LR)260(SW) 
PG: iBT90(sub scores: min. 22)/IELTS6.5(sub scores: min. 6.0, writing sub score: min. 6.5)/ TOEIC720(LR)310(SW)",,參考網頁 Link,,,,,,,,,,,,,,,,,,
,,,,,,,"赴該校修習研究所課程者，外語檢定成績須達iBT90/IELTS6.5，未達上述標準但符合iBT80/IELTS6以上之研究所學生僅可赴該校修習大學部課程，須於其他有利審查文件中檢附所屬系所承認大學部課程為""專業課程""方可申請；大學部學生不得修習研究所課程 UG students cannot take PG-level courses",,,,,,,,,,,,,,,,,,
"The Netherlands
荷蘭","University of Groningen
葛洛寧恩大學",159,4 sem. slot,"管院大學部三年級以上及研究所學生
UG yr.3 above & PG students of the College of Management","UG: iBT80(S&W20+)/IELTS6(S6+,W5.5+)",,參考網頁 Link,,,,,,,,,,,,,,,,,,
,,,,,,,Fact Sheet,,,,,,,,,,,,,,,,,,
,,,,,"PG: iBT90(S20+, W24+)/IELTS6.5(S6+,W6.5+)",,Academic Calendar,,,,,,,,,,,,,,,,,,
,,,,,,,PG: 大學主修須為商管相關 Must be graduated from Economics and business related bachelor degree,,,,,,,,,,,,,,,,,,
"The Netherlands
荷蘭","University of Twente
湍特大學",233,10 sem. slots,"全校大學部二年級以上及碩班學生
U-wide UG yr.2 above & Master students","iBT80/IELTS6/
TOEIC670(with S&W and L&R)",,參考網頁 Link,,,,,,,,,,,,,,,,,,
,,,,,,,Fact Sheet,,,,,,,,,,,,,,,,,,
"Poland
波蘭","University of Warsaw
華沙大學",258,8 sem. slots,"全校大學部及研究所學生
U-wide UG & PG students",B2: 波蘭文或英文Polish or English (iBT87/IELTS6),,參考網頁 Link,,,,,,,,,,,,,,,,,,
,,,,,,,anguage certificates approved by UW,,,,,,,,,,,,,,,,,,
,,,,,,,Fact Sheet,,,,,,,,,,,,,,,,,,
,,,,,,,Course Catalog,,,,,,,,,,,,,,,,,,
,,,,,,,該校較少理工領域系所 Limited number of programs in engineering,,,,,,,,,,,,,,,,,,
"Sweden
瑞典","KTH Royal Institute of Technology
皇家理工學院",74,4 sem. slots,"理工領域大學部三年級以上及碩班學生
UG yr.3 above & Master students in fields of Science & Technology",,,參考網頁 Link,,,,,,,,,,,,,,,,,,
,,,,,,,New rule for passport check when applying for residence permit,,,,,,,,,,,,,,,,,,

,,,,,,,"至少50%之課程須於申請之系所修習 At least 50% of the courses has to be taken within the faculty applying to
大學部課程(第1-3年)為瑞典語授課、研究所課程(第4-5年)為英語授課 Bachelor courses (year 1-3) are taught in Swedish, Master courses (year 4-5) are taught in English",,,,,,,,,,,,,,,,,,
"Sweden
瑞典","Chalmers University of Technology
查默斯理工大學",139,"Fall: 10 sem. slots
Spring: 10 sem. slots","理工領域大學部四年級以上及碩班學生
UG yr.4 above & Master students in fields of Science & Technology",recommend English B2,,參考網頁 Link,,,,,,,,,,,,,,,,,,
,,,,,,,New rule for passport check when applying for residence permit,,,,,,,,,,,,,,,,,,
,,,,,,,僅限具有理工領域背景同學申請(研究所學生: 大學部務必主修理工相關) Students without science and engineering background cannot apply (PG students must have major in Engineering/Technolgy in UG studies) 所有碩班課程為英語授課 All Master's programs are taught in English,,,,,,,,,,,,,,,,,,
"Sweden
瑞典","Linköping University
林雪平大學",304,10 sem. slots,"理工領域大學部三年級以上及碩班學生
UG yr.3 & Master students in fields of Science & Technology",,,參考網頁 Link,,,,,,,,,,,,,,,,,,
,,,,,,,New rule for passport check when applying for residence permit,,,,,,,,,,,,,,,,,,
,,,,,,,赴該校理工學院交換 Exchange to the Faculty of Science & Engineering,,,,,,,,,,,,,,,,,,
"Switzerland
瑞士","Zurich University of Applied Science
蘇黎世應用科學大學",781-790,"UG: 6 sem. slots
PG: 2 sem. slots","管院大學部及研究所學生
UG & PG students of the College of Management","TOEFL IBT: 83
 (spoken min. score 18)
IELTS: 5.5
",,參考網頁 Link,,,,,,,,,,,,,,,,,,
,,,,,,,Video introduction,,,,,,,,,,,,,,,,,,
,,,,,,,Brochure,,,,,,,,,,,,,,,,,,
,,,,,,,Fact Sheet,,,,,,,,,,,,,,,,,,
,,,,,,,Course selection,,,,,,,,,,,,,,,,,,
"Switzerland
瑞士","Swiss Federal Institute of Technology in Zurich
(ETH Zurich)
蘇黎世聯邦理工學院",7,2 sem. slots,"資訊學院大學部以及研究所學生
UG & PG students of College of Computer Science",Recommend iBT72/IELTS5.5,GPA3.0/4.3,參考網頁 Link,,,,,,,,,,,,,,,,,,
,,,,,,,Fact Sheet,,,,,,,,,,,,,,,,,,
,,,,,,,Exchange to the Department of Computer Science,,,,,,,,,,,,,,,,,,
"Norway
挪威","University of Agder
阿格德爾大學",N/A,10 students,"全校大學部及研究所學生
U-wide UG & PG students",建議 Recommend above: 英文B2以上,,參考網頁 Link,,,,,,,,,,,,,,,,,,
"Italy
義大利","Università di Padova
帕多瓦大學",236,6 sem. slots,"理學院大學部及研究所學生 
 UG & PG students of College of Science","義大利文A2/
iBT42/IELTS4",,參考網頁 Link,,,,,,,,,,,,,,,,,,
,,,,,,,Exchange to Department of Chemical Sciences,,,,,,,,,,,,,,,,,,
,,,6 sem. slots,"電機學院大學部及研究所學生 
UG & PG students of the College of ECE","義大利文A2/
iBT42/IELTS4",,參考網頁 Link,,,,,,,,,,,,,,,,,,
,,,,,,,Exchange to Department of Information Engineering,,,,,,,,,,,,,,,,,,

"Italy
義大利","University of Brescia
佈雷西亞大學",691-700,6 sem. slots,"資訊、電機學院大學部及研究所學生
UG & PG students of the College of CS and ECE        ",IELTS 4.5/iBT50,,參考網頁 Link,,,,,,,,,,,,,,,,,,
,,,,,,,Exchange to Department of Information Engineering,,,,,,,,,,,,,,,,,,
"Italy
義大利","Politecnico di Milano (Polimi)
米蘭理工大學",111,3 sem. slots,"全校大學部及研究所學生
U-wide UG & PG students","建議 Recommend
義大利文B1 and iBT72/IELTS5.5",,參考網頁 Link,,,,,,,,,,,,,,,,,,
,,,,,,,Information Sheet,,,,,,,,,,,,,,,,,,
,,,,,,,"交換至該校 Exchange to:
School of Industrial and Information Engineering",,,,,,,,,,,,,,,,,,
"Italy
義大利","University of Parma (UNIPR)
帕爾馬大學",951-1000,10 sem. slots,"電機、資訊、工、理、管及人社院大學部及研究所學生
UG & PG students of the College of ECE, CS, Engineering, Science, Management and Humanities & Social Sciences","義大利文A2/
iBT42/IELTS4",,參考網頁 Link,,,,,,,,,,,,,,,,,,
,,,,,,,"交換至該校 Exchagne to:
Dept. of Enginerring and Architecture
Dept. of Chemistry, Life Sciences and Environmental Sustainability
Dept. of Economics and Management
Dept. of Humanities, Social Sciences and Cultural Industries",,,,,,,,,,,,,,,,,,
"Lithuania
立陶宛","Vilnius Gediminas Technical University (VGTU)
維爾紐斯格迪米尼茲科技大學",851-900,2/semester,"全校大學部及研究所學生
U-wide UG & PG students",IELTS 5.5/TOEFL iBT 72/TOEIC 785,,參考網頁 Link,,,,,,,,,,,,,,,,,,
,,,,,,,Info. Brochure,,,,,,,,,,,,,,,,,,
"Lithuania
立陶宛","Vilnius University
維爾紐斯大學",439,6 sem. slot,"全校大學部及研究所學生
U-wide UG & PG students",iBT72/IELTS5.5/TOEIC785,,參考網頁 Link,,,,,,,,,,,,,,,,,,
"Spain
西班牙","Universidad de Sevilla
塞維亞大學",462,4 sem. slots,"全校大學部二年級以上及研究所學生
U-wide UG yr.2 & above & PG students",,,參考網頁 Link,,,,,,,,,,,,,,,,,,
"Spain
西班牙","Universidad Carlos III de Madrid (UC3M)
馬德里卡洛斯三世大學",285,1/sem,"全校大學部二年級以上學生
U-wide UG yr.2 & above students",建議英文或西文B2以上,,參考網頁 Link,,,,,,,,,,,,,,,,,,
,,,,,,,fact sheet,,,,,,,,,,,,,,,,,,
,,,,,,,Course offer in Getafe,,,,,,,,,,,,,,,,,,
,,,,,,,Course Offer in Leganes ,,,,,,,,,,,,,,,,,,
,,,,,,,僅限大學部學生申請 UG students only,,,,,,,,,,,,,,,,,,
"Spain
西班牙","Universitat de Barcelona
巴塞隆納大學",165,4 sem. slots,"生科院大學部及碩士班學生
UG and Master students of the College of Biological Science and Technology","英文或西文B1以上
(iBT42/IELTS4
/TOEIC550)",,參考網頁 Link,,,,,,,,,,,,,,,,,,
"Spain
西班牙","Universitat Autònoma de Barcelona
巴塞隆納自治大學",175,2 sem. slots,"電機、資訊、理學院大學部學生
UG students of the College of ECE, CS, Science","iBT79/IELTS6.5/
DELE B2",,參考網頁 Link,,,,,,,,,,,,,,,,,,
,,,,,,,Fact Sheet,,,,,,,,,,,,,,,,,,
,,,,,,,"交換至exchange to School of Engineeirng (Computer Engineering & Chemical Engineering), 至少50%的課在該學院修讀 take at least 50% of courses from above school",,,,,,,,,,,,,,,,,,
"Spain
西班牙","Universidad de Alcalá
阿爾卡拉大學",621-630,4 sem. slots,"理工領域大學部及研究所學生
UG students & Master students in fields of Science & Technology",,,參考網頁 Link,,,,,,,,,,,,,,,,,,
,,,,,,,"Exchange to Degrees in Engineering, the Degree in Mathematics and Computing, and the Double Degree in Computer Engineering and Business Administration and Management at the University of Alcala and students enrolled in fields related to Engineering and Technology",,,,,,,,,,,,,,,,,,
"Spain
西班牙","Universitat Politècnica de Catalunya 
BarcelonaTech (UPC)
加泰隆尼亞理工大學",371,8 students,"全校大學部及碩士班學生
U-wide UG & Master students ",,,"參考網頁 Link
1 student from the following Colleges/Departments is eligible for Erasmus+ scholarship: IAIS, BSE, BST, Material Science & Mechanical Engineering",,,,,,,,,,,,,,,,,,
"New Zealand
紐西蘭","Auckland University of Technology
奧克蘭理工大學",412,"UG: 1 sem. slots
PG: 1 sem. slots","管院大學部二年級以上及碩班學生
UG yr.2 above & PG tudents of the College of Management","UG: iBT80 (R19/L19/S20/W22/ IELTS6 (all bands 5.5+)
PG: iBT90 (R20/L20/S20/W24) /IELTS6.5 (all bands 6+)",GPA3.3/4.3,參考網頁 Link,,,,,,,,,,,,,,,,,,
,,,,,,,Fact Sheet,,,,,,,,,,,,,,,,,,
,,,,,,,"赴該校商學院交換 Exchange to the Faculty of Business, Economics and Law",,,,,,,,,,,,,,,,,,
"French Polynesia
法屬玻里尼西亞","The University of French Polynesia (UPF)
法屬玻里尼西亞大學",N/A,2/semester,"全校大學部及研究所學生
U-wide UG & PG students",recommended English B1/B2,,參考網頁 Link,,,,,,,,,,,,,,,,,,
,,,,,,,fact Sheet,,,,,,,,,,,,,,,,,,
,,,,,,,"位於大溪地；大部分法語授課，交換生可修少部分之英語課程
Located in Tahiti; courses are taught in French; exchange students can take some English-taught courses in the field of English Language Studies",,,,,,,,,,,,,,,,,,
"Canada
加拿大","Polytechnique Montréal
蒙特婁理工學院",159,"spring: 5 students
(Software and Computing Cluster) ","UG yr.3 above & PG students in the field of Engineering
理工領域大學部三年級以上及研究所學生","Recommended levels: IELTS (academic), 6.5 (no portion< 5.5) / iBT: 90 (W>20).",GPA2.7/4.3,參考網頁 Link,,,,,,,,,,,,,,,,,,
,,,"F: 5 students
(International Thematic Clusters in Engineering)",,,,,,,,,,,,,,,,,,,,,,
,,,,,,,Fact Sheet,,,,,,,,,,,,,,,,,,
,,,,,,,Brochure,,,,,,,,,,,,,,,,,,
,,,,,,,"Choose a cluster:
1.Emerging Biomedical Technologies
2.Energy Systems
3.Engineering Physics
4.Industrial & Systems Engineering
5.Materials Science & Engineering
6.Resources Infrastructures
7.Software
8.Sustainable Development
9.Sustainable Transport",,,,,,,,,,,,,,,,,,
"Canada
加拿大","Université du Québec à Montréal (UQAM)
魁北克大學 蒙特婁分校",851-900,1 students,"UG yr.2 above & PG students of the College of Management
管院大學部二年級以上及研究所學生","iBT80/IELTS6
/TOEIC750",,參考網頁 Link,,,,,,,,,,,,,,,,,,
,,,,,,,Fact Sheet,,,,,,,,,,,,,,,,,,
,,,,,,,Course Offer,,,,,,,,,,,,,,,,,,
,,,,,,,Some courses are taught in English; students can take basic French courses too.,,,,,,,,,,,,,,,,,,
"Canada
加拿大","École de Technologie Supérieure (ETS)
高等工程技術學院",n/a,2 students	,"U-wide UG yr.2 & above & PG students
全校大學部二年級以上及研究所學生","Coursework: French required
Research: French and/or English proficiency is subject to ETS professor's approval",,"參考網頁 Link
Factsheet
All coureses are taught in French.",,,,,,,,,,,,,,,,,,
"Canada
加拿大","University of Regina
里賈納大學",951-1000,3 sem. slots,"全校大學部二年級以上學生
U-wide UG yr.2 & above students","TOEFL: Internet based 83 (with no band less than 20)
IELTS: Overall Band score of 6.5 (with no band less than 6.0)",,參考網頁 Link,,,,,,,,,,,,,,,,,,
,,,,,,,Fact Sheet,,,,,,,,,,,,,,,,,,
,,,,,,,"僅限大學部學生申請 UG students only
需繳交200元加幣 Required to pay a mandatory activity fee of $200 CAD to the Study Abroad and Mobility office.",,,,,,,,,,,,,,,,,,
"Canada
加拿大","University of New Brunswick
新布倫瑞克大學",681-690,4 sem. slots,"全校大學部二年級以上學生
U-wide UG yr.2 & above students","PG :  iBT94 W25
IELTS7",,fact sheet,,,,,,,,,,,,,,,,,,
,,,,,,,"參考網頁 Link
UG students must take a min. of 4 courses",,,,,,,,,,,,,,,,,,
"United States of America
美國","The State University of New York at Stony Brook
紐約州立大學 石溪分校",460,1 sem. slot,"全校大學部學生
U-wide UG students",IELTS6.5/iBT80,,參考網頁 Link,,,,,,,,,,,,,,,,,,
,,,,,,,Fact Sheet,,,,,,,,,,,,,,,,,,
,,,,,,,Course Offerings,,,,,,,,,,,,,,,,,,
"United States of America
美國","University of Colorado Boulder
科羅拉多大學 波德分校",320,2 sem. slots,"全校大學部二年級以上學生
U-wide UG yr.2 & above students","IELTS6.5/iBT75
Engineering iBT83/IELTS6.5",GPA2.7/4.3,參考網頁 Link,,,,,,,,,,,,,,,,,,
,,,,,,,Eligibility requirements,,,,,,,,,,,,,,,,,,
,,,,,,,"以下學院不開放交換 Colleges not open for exchange: Education, Music, Law",,,,,,,,,,,,,,,,,,
"United States of America
美國","Juniata College
朱尼亞塔學院",N/A,4 sem. slots,"全校大學部二年級以上學生
U-wide UG yr.2 & above students","iBT80 (no section below 17) /
IELTS6.5 (no section below 5.5)",,參考網頁 Link,,,,,,,,,,,,,,,,,,
,,,,,,,"僅大學部學生可以申請
Only for UG students",,,,,,,,,,,,,,,,,,
"United States of America
美國","Univeristy of Illinois at Urbana-Champaign
伊利諾大學 香檳分校",69,25 sem. slots,"電機、資訊、工學院大學部學生
UG students of the College of ECE, CS and Engineering",iBT100/IELTS6.5,GPA3.0/4.3,自費交換 Fee-paying exchange,,,,,,,,,,,,,,,,,,
,,,,,,,參考資訊：https://www.studyabroad.illinois.edu/incoming-students/incoming-application-process/instructions-components/,,,,,,,,,,,,,,,,,,
,,,,,,,限修 College of Engineering的課,,,,,,,,,,,,,,,,,,
,,,,,,,至少須修12 hrs. of credit,,,,,,,,,,,,,,,,,,
,,,,,,,除自費的Educational program fee 之外，另有幾萬台幣的雜費。,,,,,,,,,,,,,,,,,,
"Mexico
墨西哥","Metropolitan Autonomous University
大都會自治大學",951-1000,2 students,"電機學院學生
UG & PG students of the College of ECE",Spanish B2,,參考網頁 Link,,,,,,,,,,,,,,,,,,
